CREATE DATABASE ALT111;
USE ALT111;
CREATE TABLE UNIT_MEASURE(ID int primary key auto_increment,NAME CHAR(6)unique )DEFAULT CHARSET=utf8 COLLATE=utf8_unicode_ci;
CREATE TABLE NAME(ID int primary key auto_increment,NAME CHAR(50) unique)DEFAULT CHARSET=utf8 COLLATE=utf8_unicode_ci;
CREATE TABLE TYPE(ID int primary key auto_increment,NAME CHAR(5) unique )DEFAULT CHARSET=utf8 COLLATE=utf8_unicode_ci;
CREATE TABLE COLOR(ID int primary key auto_increment,NAME CHAR(8) unique )DEFAULT CHARSET=utf8 COLLATE=utf8_unicode_ci;
CREATE TABLE PRODUCT(ID INT primary key auto_increment,ART CHAR(16),NAME_ID int,COLOR_ID int,UNIT_MEASURE_ID int)DEFAULT CHARSET=utf8 COLLATE=utf8_unicode_ci;
Create TABLE ATTRIBUTES (ID INT PRIMARY KEY auto_increment, NAME CHAR(50) unique, VALUE DOUBLE )DEFAULT CHARSET=utf8 COLLATE=utf8_unicode_ci;
Alter table PRODUCT drop COLOR_ID;
create table Tot_profile(ID int primary key, ART_ID int, COLOR_ID int );
Alter table PRODUCT add column (VALUE double);
CREATE TABLE COMPLECTATION (ID int primary key auto_increment, ART CHAR(20), NAME_ID int, UNIT_MEASURE_ID int) DEFAULT CHARSET=utf8 COLLATE=utf8_unicode_ci;
create table Tot_compl(ID int primary key, ART_ID int, COLOR_ID int );
Alter table COMPLECTATION add column (VALUE double);
INSERT INTO alt111.attributes (ID, NAME, VALUE) VALUES (1, 'CONSTRUCTION_LENGTH', 0);
INSERT INTO alt111.attributes (ID, NAME, VALUE) VALUES (2, 'CONSTRUCTION_HEIGHT', 0);
INSERT INTO alt111.attributes (ID, NAME, VALUE) VALUES (3, 'COLOR', 0);
INSERT INTO alt111.attributes (ID, NAME, VALUE) VALUES (4, 'FILLING_TYPE', 0);
INSERT INTO alt111.attributes (ID, NAME, VALUE) VALUES (5, 'GLAZING_TYPE', 0);
INSERT INTO alt111.attributes (ID, NAME, VALUE) VALUES (6, 'GLAZING_THICKNESS', 0);
INSERT INTO alt111.attributes (ID, NAME, VALUE) VALUES (7, 'BLANK_FILLING_THICKNESS', 0);
INSERT INTO alt111.attributes (ID, NAME, VALUE) VALUES (8, 'HEADER_TYPE', 0);
INSERT INTO alt111.attributes (ID, NAME, VALUE) VALUES (9, 'HEADER_QUANTITY', 0);
INSERT INTO alt111.attributes (ID, NAME, VALUE) VALUES (10, 'CEILING_FITTING_POINT_QUANTITY', 0);
INSERT INTO alt111.attributes (ID, NAME, VALUE) VALUES (11, 'WALL_FITTING_POINT_QUANTITY', 0);
INSERT INTO alt111.attributes (ID, NAME, VALUE) VALUES (12, 'STEP_BETWEEN_RACKS', 0);
INSERT INTO alt111.attributes (ID, NAME, VALUE) VALUES (13, 'NINTY_GRAD_ANGLES_QUANTITY', 0);
INSERT INTO alt111.attributes (ID, NAME, VALUE) VALUES (14, 'FREE_GRAD_ANGLES_QUANTITY', 0);
INSERT INTO alt111.attributes (ID, NAME, VALUE) VALUES (15, 'PARTITION_CONTIGUITY_QUANTITY', 0);
INSERT INTO alt111.attributes (ID, NAME, VALUE) VALUES (16, 'FREE_DOORS_QUANTITY', 0);
INSERT INTO alt111.color (ID, NAME) VALUES (7, '-');
INSERT INTO alt111.color (ID, NAME) VALUES (5, '00');
INSERT INTO alt111.color (ID, NAME) VALUES (4, 'A00-E6');
INSERT INTO alt111.color (ID, NAME) VALUES (6, 'RAL7037');
INSERT INTO alt111.color (ID, NAME) VALUES (3, 'RAL8017');
INSERT INTO alt111.color (ID, NAME) VALUES (1, 'RAL9006');
INSERT INTO alt111.color (ID, NAME) VALUES (2, 'RAL9016');
INSERT INTO alt111.complectation (ID, ART, NAME_ID, UNIT_MEASURE_ID, VALUE) VALUES (1, 'FRK04', 60, 1, 0);
INSERT INTO alt111.complectation (ID, ART, NAME_ID, UNIT_MEASURE_ID, VALUE) VALUES (2, 'FRK57', 60, 1, 0);
INSERT INTO alt111.complectation (ID, ART, NAME_ID, UNIT_MEASURE_ID, VALUE) VALUES (3, 'FRK58', 60, 1, 0);
INSERT INTO alt111.complectation (ID, ART, NAME_ID, UNIT_MEASURE_ID, VALUE) VALUES (4, 'FRK59', 60, 1, 0);
INSERT INTO alt111.complectation (ID, ART, NAME_ID, UNIT_MEASURE_ID, VALUE) VALUES (5, 'FRK57-01', 60, 1, 0);
INSERT INTO alt111.complectation (ID, ART, NAME_ID, UNIT_MEASURE_ID, VALUE) VALUES (6, 'FRK58-01', 60, 1, 0);
INSERT INTO alt111.complectation (ID, ART, NAME_ID, UNIT_MEASURE_ID, VALUE) VALUES (7, 'FRK59-01', 60, 1, 0);
INSERT INTO alt111.complectation (ID, ART, NAME_ID, UNIT_MEASURE_ID, VALUE) VALUES (8, 'FRK60', 60, 1, 0);
INSERT INTO alt111.complectation (ID, ART, NAME_ID, UNIT_MEASURE_ID, VALUE) VALUES (9, 'FRK61', 60, 1, 0);
INSERT INTO alt111.complectation (ID, ART, NAME_ID, UNIT_MEASURE_ID, VALUE) VALUES (10, 'FRK32', 60, 1, 0);
INSERT INTO alt111.complectation (ID, ART, NAME_ID, UNIT_MEASURE_ID, VALUE) VALUES (11, 'FRK95', 60, 1, 0);
INSERT INTO alt111.complectation (ID, ART, NAME_ID, UNIT_MEASURE_ID, VALUE) VALUES (12, 'FRK135', 61, 1, 0);
INSERT INTO alt111.complectation (ID, ART, NAME_ID, UNIT_MEASURE_ID, VALUE) VALUES (13, 'AYPC.111.0901', 40, 3, 0);
INSERT INTO alt111.complectation (ID, ART, NAME_ID, UNIT_MEASURE_ID, VALUE) VALUES (14, 'AYPC.111.0902', 40, 3, 0);
INSERT INTO alt111.complectation (ID, ART, NAME_ID, UNIT_MEASURE_ID, VALUE) VALUES (15, 'AYPC.111.0951M', 69, 3, 0);
INSERT INTO alt111.complectation (ID, ART, NAME_ID, UNIT_MEASURE_ID, VALUE) VALUES (16, 'AYPC.111.0952M', 69, 3, 0);
INSERT INTO alt111.complectation (ID, ART, NAME_ID, UNIT_MEASURE_ID, VALUE) VALUES (17, 'AYPC.111.0953', 69, 3, 0);
INSERT INTO alt111.complectation (ID, ART, NAME_ID, UNIT_MEASURE_ID, VALUE) VALUES (18, 'AYPC.111.0954', 58, 2, 0);
INSERT INTO alt111.complectation (ID, ART, NAME_ID, UNIT_MEASURE_ID, VALUE) VALUES (19, 'AYPC.111.0955', 58, 2, 0);
INSERT INTO alt111.complectation (ID, ART, NAME_ID, UNIT_MEASURE_ID, VALUE) VALUES (20, 'AYPC.111.0957', 58, 2, 0);
INSERT INTO alt111.complectation (ID, ART, NAME_ID, UNIT_MEASURE_ID, VALUE) VALUES (21, 'AYPC.111.0911', 70, 2, 0);
INSERT INTO alt111.complectation (ID, ART, NAME_ID, UNIT_MEASURE_ID, VALUE) VALUES (22, 'AYPC.111.0912', 70, 2, 0);
INSERT INTO alt111.complectation (ID, ART, NAME_ID, UNIT_MEASURE_ID, VALUE) VALUES (23, 'AYPC.111.0913', 70, 2, 0);
INSERT INTO alt111.complectation (ID, ART, NAME_ID, UNIT_MEASURE_ID, VALUE) VALUES (24, 'AYPC.111.0914', 70, 2, 0);
INSERT INTO alt111.complectation (ID, ART, NAME_ID, UNIT_MEASURE_ID, VALUE) VALUES (25, 'AYPC.111.0914-01', 70, 2, 0);
INSERT INTO alt111.complectation (ID, ART, NAME_ID, UNIT_MEASURE_ID, VALUE) VALUES (26, 'AYPC.111.0915', 70, 2, 0);
INSERT INTO alt111.complectation (ID, ART, NAME_ID, UNIT_MEASURE_ID, VALUE) VALUES (27, 'AYPC.111.1001', 71, 2, 0);
INSERT INTO alt111.complectation (ID, ART, NAME_ID, UNIT_MEASURE_ID, VALUE) VALUES (28, 'AYPC.111.1002', 71, 2, 0);
INSERT INTO alt111.complectation (ID, ART, NAME_ID, UNIT_MEASURE_ID, VALUE) VALUES (29, 'AYPC.111.1002', 71, 2, 0);
INSERT INTO alt111.complectation (ID, ART, NAME_ID, UNIT_MEASURE_ID, VALUE) VALUES (30, 'AYPC.111.1003M', 71, 2, 0);
INSERT INTO alt111.complectation (ID, ART, NAME_ID, UNIT_MEASURE_ID, VALUE) VALUES (31, 'AYPC.111.1006', 71, 2, 0);
INSERT INTO alt111.complectation (ID, ART, NAME_ID, UNIT_MEASURE_ID, VALUE) VALUES (32, 'AYPC.111.1006', 71, 2, 0);
INSERT INTO alt111.complectation (ID, ART, NAME_ID, UNIT_MEASURE_ID, VALUE) VALUES (33, 'AYPC.111.1006', 71, 2, 0);
INSERT INTO alt111.complectation (ID, ART, NAME_ID, UNIT_MEASURE_ID, VALUE) VALUES (34, 'AYPC.111.0903', 72, 2, 0);
INSERT INTO alt111.complectation (ID, ART, NAME_ID, UNIT_MEASURE_ID, VALUE) VALUES (35, 'AYPC.111.1004', 73, 2, 0);
INSERT INTO alt111.complectation (ID, ART, NAME_ID, UNIT_MEASURE_ID, VALUE) VALUES (36, 'AYPC.111.1100', 63, 2, 0);
INSERT INTO alt111.complectation (ID, ART, NAME_ID, UNIT_MEASURE_ID, VALUE) VALUES (37, 'AYPC.111.1101', 63, 2, 0);
INSERT INTO alt111.complectation (ID, ART, NAME_ID, UNIT_MEASURE_ID, VALUE) VALUES (38, '3019.00.315', 74, 2, 0);
INSERT INTO alt111.complectation (ID, ART, NAME_ID, UNIT_MEASURE_ID, VALUE) VALUES (39, 'AYPC.111.0750', 69, 2, 0);
INSERT INTO alt111.complectation (ID, ART, NAME_ID, UNIT_MEASURE_ID, VALUE) VALUES (40, 'R460', 75, 2, 0);
INSERT INTO alt111.complectation (ID, ART, NAME_ID, UNIT_MEASURE_ID, VALUE) VALUES (41, '2073.1', 56, 2, 0);
INSERT INTO alt111.complectation (ID, ART, NAME_ID, UNIT_MEASURE_ID, VALUE) VALUES (42, '2080.1', 56, 2, 0);
INSERT INTO alt111.complectation (ID, ART, NAME_ID, UNIT_MEASURE_ID, VALUE) VALUES (43, '2070.836', 64, 2, 0);
INSERT INTO alt111.complectation (ID, ART, NAME_ID, UNIT_MEASURE_ID, VALUE) VALUES (44, '2070.862', 74, 2, 0);
INSERT INTO alt111.complectation (ID, ART, NAME_ID, UNIT_MEASURE_ID, VALUE) VALUES (45, '111SL06', 76, 2, 0);
INSERT INTO alt111.complectation (ID, ART, NAME_ID, UNIT_MEASURE_ID, VALUE) VALUES (46, '111SL16', 76, 2, 0);
INSERT INTO alt111.complectation (ID, ART, NAME_ID, UNIT_MEASURE_ID, VALUE) VALUES (47, '111SLE6', 76, 2, 0);
INSERT INTO alt111.complectation (ID, ART, NAME_ID, UNIT_MEASURE_ID, VALUE) VALUES (48, '47х50', 62, 1, 0);
INSERT INTO alt111.complectation (ID, ART, NAME_ID, UNIT_MEASURE_ID, VALUE) VALUES (49, '15x45-3М', 77, 2, 0);
INSERT INTO alt111.complectation (ID, ART, NAME_ID, UNIT_MEASURE_ID, VALUE) VALUES (50, 'AYPC.111.0904', 88, 2, 0);
INSERT INTO alt111.complectation (ID, ART, NAME_ID, UNIT_MEASURE_ID, VALUE) VALUES (51, 'AYPC.111.0905', 88, 2, 0);
INSERT INTO alt111.complectation (ID, ART, NAME_ID, UNIT_MEASURE_ID, VALUE) VALUES (52, '0436/250', 57, 2, 0);
INSERT INTO alt111.complectation (ID, ART, NAME_ID, UNIT_MEASURE_ID, VALUE) VALUES (53, '0419/250', 57, 2, 0);
INSERT INTO alt111.complectation (ID, ART, NAME_ID, UNIT_MEASURE_ID, VALUE) VALUES (54, 'AYPC.111.0956', 78, 2, 0);
INSERT INTO alt111.complectation (ID, ART, NAME_ID, UNIT_MEASURE_ID, VALUE) VALUES (55, 'M5x10DIN965ZN', 79, 2, 0);
INSERT INTO alt111.complectation (ID, ART, NAME_ID, UNIT_MEASURE_ID, VALUE) VALUES (56, '4,8x9,5DIN7982ZN', 80, 2, 0);
INSERT INTO alt111.complectation (ID, ART, NAME_ID, UNIT_MEASURE_ID, VALUE) VALUES (57, 'A1530K/K', 81, 2, 0);
INSERT INTO alt111.complectation (ID, ART, NAME_ID, UNIT_MEASURE_ID, VALUE) VALUES (58, 'A764', 82, 2, 0);
INSERT INTO alt111.complectation (ID, ART, NAME_ID, UNIT_MEASURE_ID, VALUE) VALUES (59, 'AYPC.111.1005', 83, 2, 0);
INSERT INTO alt111.complectation (ID, ART, NAME_ID, UNIT_MEASURE_ID, VALUE) VALUES (60, 'AYPC.111.0958', 85, 2, 0);
INSERT INTO alt111.complectation (ID, ART, NAME_ID, UNIT_MEASURE_ID, VALUE) VALUES (61, 'AYPC.111.9000', 84, 2, 0);
INSERT INTO alt111.name (ID, NAME) VALUES (82, 'Адаптер');
INSERT INTO alt111.name (ID, NAME) VALUES (79, 'Винт');
INSERT INTO alt111.name (ID, NAME) VALUES (80, 'Винт самонарезающий');
INSERT INTO alt111.name (ID, NAME) VALUES (84, 'Дверь с одинарным заполнением 2100x900');
INSERT INTO alt111.name (ID, NAME) VALUES (88, 'Загдушка');
INSERT INTO alt111.name (ID, NAME) VALUES (72, 'Заглушка декоративная');
INSERT INTO alt111.name (ID, NAME) VALUES (70, 'Заглушка торцевая');
INSERT INTO alt111.name (ID, NAME) VALUES (78, 'Закладная стальная');
INSERT INTO alt111.name (ID, NAME) VALUES (85, 'Закладная угловая');
INSERT INTO alt111.name (ID, NAME) VALUES (73, 'Замок дверной');
INSERT INTO alt111.name (ID, NAME) VALUES (81, 'Замок с ручкой');
INSERT INTO alt111.name (ID, NAME) VALUES (83, 'Комплект петель');
INSERT INTO alt111.name (ID, NAME) VALUES (75, 'Комплект роликов');
INSERT INTO alt111.name (ID, NAME) VALUES (76, 'Комплект ручек');
INSERT INTO alt111.name (ID, NAME) VALUES (69, 'Кронштейн');
INSERT INTO alt111.name (ID, NAME) VALUES (71, 'Петля');
INSERT INTO alt111.name (ID, NAME) VALUES (74, 'Планка ответная');
INSERT INTO alt111.name (ID, NAME) VALUES (77, 'Плёнка защитная');
INSERT INTO alt111.name (ID, NAME) VALUES (40, 'Прижим');
INSERT INTO alt111.name (ID, NAME) VALUES (41, 'Профиль алюминиевый экструдированный');
INSERT INTO alt111.name (ID, NAME) VALUES (66, 'Профиль алюминиевый экструдированный полый');
INSERT INTO alt111.name (ID, NAME) VALUES (42, 'Профиль вспомогательный');
INSERT INTO alt111.name (ID, NAME) VALUES (43, 'Профиль держателя');
INSERT INTO alt111.name (ID, NAME) VALUES (44, 'Профиль импоста');
INSERT INTO alt111.name (ID, NAME) VALUES (65, 'Профиль каркаса');
INSERT INTO alt111.name (ID, NAME) VALUES (45, 'Профиль крышки');
INSERT INTO alt111.name (ID, NAME) VALUES (46, 'Профиль направляющей');
INSERT INTO alt111.name (ID, NAME) VALUES (47, 'Профиль переходника');
INSERT INTO alt111.name (ID, NAME) VALUES (48, 'Профиль поворотный');
INSERT INTO alt111.name (ID, NAME) VALUES (49, 'Профиль рамы');
INSERT INTO alt111.name (ID, NAME) VALUES (50, 'Профиль ригеля');
INSERT INTO alt111.name (ID, NAME) VALUES (67, 'Профиль ригеля усиленный');
INSERT INTO alt111.name (ID, NAME) VALUES (51, 'Профиль соединительный');
INSERT INTO alt111.name (ID, NAME) VALUES (52, 'Профиль створки');
INSERT INTO alt111.name (ID, NAME) VALUES (53, 'Профиль стойки');
INSERT INTO alt111.name (ID, NAME) VALUES (54, 'Профиль трубы');
INSERT INTO alt111.name (ID, NAME) VALUES (68, 'Профиль штапика');
INSERT INTO alt111.name (ID, NAME) VALUES (55, 'Профиль штульпа');
INSERT INTO alt111.name (ID, NAME) VALUES (56, 'Ручка');
INSERT INTO alt111.name (ID, NAME) VALUES (57, 'Соединитель угловой');
INSERT INTO alt111.name (ID, NAME) VALUES (58, 'Сухарный элемент');
INSERT INTO alt111.name (ID, NAME) VALUES (59, 'Уголок выравнивающий');
INSERT INTO alt111.name (ID, NAME) VALUES (60, 'Уплотнитель резиновый');
INSERT INTO alt111.name (ID, NAME) VALUES (61, 'Уплотнитель силиконовый');
INSERT INTO alt111.name (ID, NAME) VALUES (62, 'Уплотнитель фетровый');
INSERT INTO alt111.name (ID, NAME) VALUES (63, 'Шаблон');
INSERT INTO alt111.name (ID, NAME) VALUES (64, 'Элемент запирающий');
INSERT INTO alt111.product (ID, ART, NAME_ID, UNIT_MEASURE_ID, VALUE) VALUES (1, 'AYPC.111.0101', 53, 1, 0);
INSERT INTO alt111.product (ID, ART, NAME_ID, UNIT_MEASURE_ID, VALUE) VALUES (2, 'AYPC.111.0102', 65, 1, 0);
INSERT INTO alt111.product (ID, ART, NAME_ID, UNIT_MEASURE_ID, VALUE) VALUES (3, 'AYPC.111.0103', 53, 1, 0);
INSERT INTO alt111.product (ID, ART, NAME_ID, UNIT_MEASURE_ID, VALUE) VALUES (4, 'AYPC.111.0104', 65, 1, 0);
INSERT INTO alt111.product (ID, ART, NAME_ID, UNIT_MEASURE_ID, VALUE) VALUES (5, 'AYPC.111.0201', 50, 1, 0);
INSERT INTO alt111.product (ID, ART, NAME_ID, UNIT_MEASURE_ID, VALUE) VALUES (6, 'AYPC.111.0301', 54, 1, 0);
INSERT INTO alt111.product (ID, ART, NAME_ID, UNIT_MEASURE_ID, VALUE) VALUES (7, 'AYPC.111.0302', 48, 1, 0);
INSERT INTO alt111.product (ID, ART, NAME_ID, UNIT_MEASURE_ID, VALUE) VALUES (8, 'AYPC.111.0303', 48, 1, 0);
INSERT INTO alt111.product (ID, ART, NAME_ID, UNIT_MEASURE_ID, VALUE) VALUES (9, 'AYPC.111.0304', 48, 1, 0);
INSERT INTO alt111.product (ID, ART, NAME_ID, UNIT_MEASURE_ID, VALUE) VALUES (10, 'AYPC.111.0305', 48, 1, 0);
INSERT INTO alt111.product (ID, ART, NAME_ID, UNIT_MEASURE_ID, VALUE) VALUES (11, 'AYPC.111.0306', 51, 1, 0);
INSERT INTO alt111.product (ID, ART, NAME_ID, UNIT_MEASURE_ID, VALUE) VALUES (12, 'AYPC.111.0401', 41, 1, 0);
INSERT INTO alt111.product (ID, ART, NAME_ID, UNIT_MEASURE_ID, VALUE) VALUES (13, 'AYPC.111.0402', 41, 1, 0);
INSERT INTO alt111.product (ID, ART, NAME_ID, UNIT_MEASURE_ID, VALUE) VALUES (14, 'AYPC.111.0403', 41, 1, 0);
INSERT INTO alt111.product (ID, ART, NAME_ID, UNIT_MEASURE_ID, VALUE) VALUES (15, 'AYPC.111.0404', 41, 1, 0);
INSERT INTO alt111.product (ID, ART, NAME_ID, UNIT_MEASURE_ID, VALUE) VALUES (16, 'AYPC.111.0603', 66, 1, 0);
INSERT INTO alt111.product (ID, ART, NAME_ID, UNIT_MEASURE_ID, VALUE) VALUES (17, 'AYPC.111.0604', 66, 1, 0);
INSERT INTO alt111.product (ID, ART, NAME_ID, UNIT_MEASURE_ID, VALUE) VALUES (18, 'AYPC.111.0501', 45, 1, 0);
INSERT INTO alt111.product (ID, ART, NAME_ID, UNIT_MEASURE_ID, VALUE) VALUES (19, 'AYPC.111.0502', 45, 1, 0);
INSERT INTO alt111.product (ID, ART, NAME_ID, UNIT_MEASURE_ID, VALUE) VALUES (20, 'AYPC.111.0503', 45, 1, 0);
INSERT INTO alt111.product (ID, ART, NAME_ID, UNIT_MEASURE_ID, VALUE) VALUES (21, 'AYPC.111.0105', 52, 1, 0);
INSERT INTO alt111.product (ID, ART, NAME_ID, UNIT_MEASURE_ID, VALUE) VALUES (22, 'AYPC.111.0106', 52, 1, 0);
INSERT INTO alt111.product (ID, ART, NAME_ID, UNIT_MEASURE_ID, VALUE) VALUES (23, 'AYPC.111.0106M', 52, 1, 0);
INSERT INTO alt111.product (ID, ART, NAME_ID, UNIT_MEASURE_ID, VALUE) VALUES (24, 'AYPC.111.0107', 49, 1, 0);
INSERT INTO alt111.product (ID, ART, NAME_ID, UNIT_MEASURE_ID, VALUE) VALUES (25, 'AYPC.111.0202', 44, 1, 0);
INSERT INTO alt111.product (ID, ART, NAME_ID, UNIT_MEASURE_ID, VALUE) VALUES (26, 'AYPC.111.0203', 44, 1, 0);
INSERT INTO alt111.product (ID, ART, NAME_ID, UNIT_MEASURE_ID, VALUE) VALUES (27, 'AYPC.111.0601', 43, 1, 0);
INSERT INTO alt111.product (ID, ART, NAME_ID, UNIT_MEASURE_ID, VALUE) VALUES (28, 'AYPC.111.0602', 55, 1, 0);
INSERT INTO alt111.product (ID, ART, NAME_ID, UNIT_MEASURE_ID, VALUE) VALUES (29, 'AYPC.111.0605', 45, 1, 0);
INSERT INTO alt111.product (ID, ART, NAME_ID, UNIT_MEASURE_ID, VALUE) VALUES (30, 'AYPC.111.0108', 47, 1, 0);
INSERT INTO alt111.product (ID, ART, NAME_ID, UNIT_MEASURE_ID, VALUE) VALUES (31, 'AYPC.111.0109', 47, 1, 0);
INSERT INTO alt111.product (ID, ART, NAME_ID, UNIT_MEASURE_ID, VALUE) VALUES (32, 'AYPC.111.0115', 49, 1, 0);
INSERT INTO alt111.product (ID, ART, NAME_ID, UNIT_MEASURE_ID, VALUE) VALUES (33, 'AYPC.111.0110', 49, 1, 0);
INSERT INTO alt111.product (ID, ART, NAME_ID, UNIT_MEASURE_ID, VALUE) VALUES (34, 'AYPC.111.0111', 49, 1, 0);
INSERT INTO alt111.product (ID, ART, NAME_ID, UNIT_MEASURE_ID, VALUE) VALUES (35, 'AYPC.111.0112', 49, 1, 0);
INSERT INTO alt111.product (ID, ART, NAME_ID, UNIT_MEASURE_ID, VALUE) VALUES (36, 'AYPC.111.0113', 49, 1, 0);
INSERT INTO alt111.product (ID, ART, NAME_ID, UNIT_MEASURE_ID, VALUE) VALUES (37, 'AYPC.111.0114', 49, 1, 0);
INSERT INTO alt111.product (ID, ART, NAME_ID, UNIT_MEASURE_ID, VALUE) VALUES (38, 'AYPC.111.0117', 52, 1, 0);
INSERT INTO alt111.product (ID, ART, NAME_ID, UNIT_MEASURE_ID, VALUE) VALUES (39, 'AYPC.111.0118', 49, 1, 0);
INSERT INTO alt111.product (ID, ART, NAME_ID, UNIT_MEASURE_ID, VALUE) VALUES (40, 'AYPC.111.0116', 41, 1, 0);
INSERT INTO alt111.product (ID, ART, NAME_ID, UNIT_MEASURE_ID, VALUE) VALUES (41, 'AYPC.111.0701', 46, 1, 0);
INSERT INTO alt111.product (ID, ART, NAME_ID, UNIT_MEASURE_ID, VALUE) VALUES (42, 'AYPC.111.0702', 53, 1, 0);
INSERT INTO alt111.product (ID, ART, NAME_ID, UNIT_MEASURE_ID, VALUE) VALUES (43, 'AYPC.111.0703', 53, 1, 0);
INSERT INTO alt111.product (ID, ART, NAME_ID, UNIT_MEASURE_ID, VALUE) VALUES (44, 'AYPC.111.0704', 50, 1, 0);
INSERT INTO alt111.product (ID, ART, NAME_ID, UNIT_MEASURE_ID, VALUE) VALUES (45, 'AYPC.111.0705', 42, 1, 0);
INSERT INTO alt111.product (ID, ART, NAME_ID, UNIT_MEASURE_ID, VALUE) VALUES (46, 'AYPC.111.0706', 52, 1, 0);
INSERT INTO alt111.product (ID, ART, NAME_ID, UNIT_MEASURE_ID, VALUE) VALUES (47, 'AYPC.111.0707', 67, 1, 0);
INSERT INTO alt111.product (ID, ART, NAME_ID, UNIT_MEASURE_ID, VALUE) VALUES (48, 'AYPC.111.0709', 53, 1, 0);
INSERT INTO alt111.product (ID, ART, NAME_ID, UNIT_MEASURE_ID, VALUE) VALUES (49, 'AYPC.111.0708', 68, 1, 0);
INSERT INTO alt111.tot_compl (ID, ART_ID, COLOR_ID) VALUES (10413665, 10, 6);
INSERT INTO alt111.tot_compl (ID, ART_ID, COLOR_ID) VALUES (10510100, 1, 7);
INSERT INTO alt111.tot_compl (ID, ART_ID, COLOR_ID) VALUES (10510165, 1, 6);
INSERT INTO alt111.tot_compl (ID, ART_ID, COLOR_ID) VALUES (10510200, 13, 7);
INSERT INTO alt111.tot_compl (ID, ART_ID, COLOR_ID) VALUES (10510300, 14, 7);
INSERT INTO alt111.tot_compl (ID, ART_ID, COLOR_ID) VALUES (10510600, 17, 5);
INSERT INTO alt111.tot_compl (ID, ART_ID, COLOR_ID) VALUES (10510700, 18, 5);
INSERT INTO alt111.tot_compl (ID, ART_ID, COLOR_ID) VALUES (10510800, 19, 5);
INSERT INTO alt111.tot_compl (ID, ART_ID, COLOR_ID) VALUES (10510900, 21, 7);
INSERT INTO alt111.tot_compl (ID, ART_ID, COLOR_ID) VALUES (10511000, 22, 7);
INSERT INTO alt111.tot_compl (ID, ART_ID, COLOR_ID) VALUES (10511100, 23, 7);
INSERT INTO alt111.tot_compl (ID, ART_ID, COLOR_ID) VALUES (10511200, 24, 7);
INSERT INTO alt111.tot_compl (ID, ART_ID, COLOR_ID) VALUES (10511300, 2, 7);
INSERT INTO alt111.tot_compl (ID, ART_ID, COLOR_ID) VALUES (10511365, 2, 6);
INSERT INTO alt111.tot_compl (ID, ART_ID, COLOR_ID) VALUES (10511400, 25, 7);
INSERT INTO alt111.tot_compl (ID, ART_ID, COLOR_ID) VALUES (10511465, 3, 6);
INSERT INTO alt111.tot_compl (ID, ART_ID, COLOR_ID) VALUES (10511500, 4, 7);
INSERT INTO alt111.tot_compl (ID, ART_ID, COLOR_ID) VALUES (10511565, 4, 6);
INSERT INTO alt111.tot_compl (ID, ART_ID, COLOR_ID) VALUES (10511600, 26, 7);
INSERT INTO alt111.tot_compl (ID, ART_ID, COLOR_ID) VALUES (10511665, 8, 6);
INSERT INTO alt111.tot_compl (ID, ART_ID, COLOR_ID) VALUES (10511700, 9, 7);
INSERT INTO alt111.tot_compl (ID, ART_ID, COLOR_ID) VALUES (10511765, 9, 6);
INSERT INTO alt111.tot_compl (ID, ART_ID, COLOR_ID) VALUES (10511800, 27, 5);
INSERT INTO alt111.tot_compl (ID, ART_ID, COLOR_ID) VALUES (10511831, 27, 1);
INSERT INTO alt111.tot_compl (ID, ART_ID, COLOR_ID) VALUES (10511900, 28, 5);
INSERT INTO alt111.tot_compl (ID, ART_ID, COLOR_ID) VALUES (10511931, 28, 1);
INSERT INTO alt111.tot_compl (ID, ART_ID, COLOR_ID) VALUES (10512100, 34, 7);
INSERT INTO alt111.tot_compl (ID, ART_ID, COLOR_ID) VALUES (10512280, 35, 4);
INSERT INTO alt111.tot_compl (ID, ART_ID, COLOR_ID) VALUES (10512300, 11, 7);
INSERT INTO alt111.tot_compl (ID, ART_ID, COLOR_ID) VALUES (10512365, 11, 6);
INSERT INTO alt111.tot_compl (ID, ART_ID, COLOR_ID) VALUES (10512400, 36, 7);
INSERT INTO alt111.tot_compl (ID, ART_ID, COLOR_ID) VALUES (10512500, 37, 7);
INSERT INTO alt111.tot_compl (ID, ART_ID, COLOR_ID) VALUES (10512600, 5, 7);
INSERT INTO alt111.tot_compl (ID, ART_ID, COLOR_ID) VALUES (10512631, 38, 1);
INSERT INTO alt111.tot_compl (ID, ART_ID, COLOR_ID) VALUES (10512665, 5, 6);
INSERT INTO alt111.tot_compl (ID, ART_ID, COLOR_ID) VALUES (10512700, 6, 7);
INSERT INTO alt111.tot_compl (ID, ART_ID, COLOR_ID) VALUES (10512765, 6, 6);
INSERT INTO alt111.tot_compl (ID, ART_ID, COLOR_ID) VALUES (10512800, 7, 7);
INSERT INTO alt111.tot_compl (ID, ART_ID, COLOR_ID) VALUES (10512865, 7, 6);
INSERT INTO alt111.tot_compl (ID, ART_ID, COLOR_ID) VALUES (10513069, 61, 1);
INSERT INTO alt111.tot_compl (ID, ART_ID, COLOR_ID) VALUES (10513100, 52, 7);
INSERT INTO alt111.tot_compl (ID, ART_ID, COLOR_ID) VALUES (10513300, 12, 7);
INSERT INTO alt111.tot_compl (ID, ART_ID, COLOR_ID) VALUES (10513400, 50, 7);
INSERT INTO alt111.tot_compl (ID, ART_ID, COLOR_ID) VALUES (10513600, 39, 7);
INSERT INTO alt111.tot_compl (ID, ART_ID, COLOR_ID) VALUES (10513800, 40, 7);
INSERT INTO alt111.tot_compl (ID, ART_ID, COLOR_ID) VALUES (10513900, 53, 7);
INSERT INTO alt111.tot_compl (ID, ART_ID, COLOR_ID) VALUES (10514000, 54, 7);
INSERT INTO alt111.tot_compl (ID, ART_ID, COLOR_ID) VALUES (10514021, 41, 2);
INSERT INTO alt111.tot_compl (ID, ART_ID, COLOR_ID) VALUES (10514031, 41, 1);
INSERT INTO alt111.tot_compl (ID, ART_ID, COLOR_ID) VALUES (10514100, 55, 7);
INSERT INTO alt111.tot_compl (ID, ART_ID, COLOR_ID) VALUES (10514121, 42, 2);
INSERT INTO alt111.tot_compl (ID, ART_ID, COLOR_ID) VALUES (10514131, 42, 1);
INSERT INTO alt111.tot_compl (ID, ART_ID, COLOR_ID) VALUES (10514200, 56, 7);
INSERT INTO alt111.tot_compl (ID, ART_ID, COLOR_ID) VALUES (10514300, 44, 7);
INSERT INTO alt111.tot_compl (ID, ART_ID, COLOR_ID) VALUES (10514500, 51, 7);
INSERT INTO alt111.tot_compl (ID, ART_ID, COLOR_ID) VALUES (10514600, 49, 7);
INSERT INTO alt111.tot_compl (ID, ART_ID, COLOR_ID) VALUES (10514700, 15, 5);
INSERT INTO alt111.tot_compl (ID, ART_ID, COLOR_ID) VALUES (10514800, 16, 5);
INSERT INTO alt111.tot_compl (ID, ART_ID, COLOR_ID) VALUES (10514900, 48, 7);
INSERT INTO alt111.tot_compl (ID, ART_ID, COLOR_ID) VALUES (10515000, 20, 5);
INSERT INTO alt111.tot_compl (ID, ART_ID, COLOR_ID) VALUES (10515031, 45, 1);
INSERT INTO alt111.tot_compl (ID, ART_ID, COLOR_ID) VALUES (10515200, 31, 5);
INSERT INTO alt111.tot_compl (ID, ART_ID, COLOR_ID) VALUES (10515231, 31, 1);
INSERT INTO alt111.tot_compl (ID, ART_ID, COLOR_ID) VALUES (10515280, 31, 4);
INSERT INTO alt111.tot_compl (ID, ART_ID, COLOR_ID) VALUES (10515380, 30, 4);
INSERT INTO alt111.tot_compl (ID, ART_ID, COLOR_ID) VALUES (10515400, 60, 5);
INSERT INTO alt111.tot_compl (ID, ART_ID, COLOR_ID) VALUES (10516021, 46, 2);
INSERT INTO alt111.tot_compl (ID, ART_ID, COLOR_ID) VALUES (105140806, 41, 4);
INSERT INTO alt111.tot_compl (ID, ART_ID, COLOR_ID) VALUES (105141806, 42, 4);
INSERT INTO alt111.tot_compl (ID, ART_ID, COLOR_ID) VALUES (105143806, 57, 4);
INSERT INTO alt111.tot_compl (ID, ART_ID, COLOR_ID) VALUES (105144806, 58, 4);
INSERT INTO alt111.tot_compl (ID, ART_ID, COLOR_ID) VALUES (105151806, 59, 4);
INSERT INTO alt111.tot_compl (ID, ART_ID, COLOR_ID) VALUES (105170806, 47, 4);
INSERT INTO alt111.tot_profile (ID, ART_ID, COLOR_ID) VALUES (10500100, 1, 5);
INSERT INTO alt111.tot_profile (ID, ART_ID, COLOR_ID) VALUES (10500121, 1, 2);
INSERT INTO alt111.tot_profile (ID, ART_ID, COLOR_ID) VALUES (10500130, 1, 3);
INSERT INTO alt111.tot_profile (ID, ART_ID, COLOR_ID) VALUES (10500169, 1, 1);
INSERT INTO alt111.tot_profile (ID, ART_ID, COLOR_ID) VALUES (10500200, 2, 5);
INSERT INTO alt111.tot_profile (ID, ART_ID, COLOR_ID) VALUES (10500221, 2, 2);
INSERT INTO alt111.tot_profile (ID, ART_ID, COLOR_ID) VALUES (10500230, 2, 3);
INSERT INTO alt111.tot_profile (ID, ART_ID, COLOR_ID) VALUES (10500269, 2, 1);
INSERT INTO alt111.tot_profile (ID, ART_ID, COLOR_ID) VALUES (10500300, 3, 5);
INSERT INTO alt111.tot_profile (ID, ART_ID, COLOR_ID) VALUES (10500321, 3, 2);
INSERT INTO alt111.tot_profile (ID, ART_ID, COLOR_ID) VALUES (10500330, 3, 3);
INSERT INTO alt111.tot_profile (ID, ART_ID, COLOR_ID) VALUES (10500369, 3, 1);
INSERT INTO alt111.tot_profile (ID, ART_ID, COLOR_ID) VALUES (10500400, 4, 5);
INSERT INTO alt111.tot_profile (ID, ART_ID, COLOR_ID) VALUES (10500421, 4, 2);
INSERT INTO alt111.tot_profile (ID, ART_ID, COLOR_ID) VALUES (10500430, 4, 3);
INSERT INTO alt111.tot_profile (ID, ART_ID, COLOR_ID) VALUES (10500469, 4, 1);
INSERT INTO alt111.tot_profile (ID, ART_ID, COLOR_ID) VALUES (10500500, 5, 5);
INSERT INTO alt111.tot_profile (ID, ART_ID, COLOR_ID) VALUES (10500521, 5, 2);
INSERT INTO alt111.tot_profile (ID, ART_ID, COLOR_ID) VALUES (10500530, 5, 3);
INSERT INTO alt111.tot_profile (ID, ART_ID, COLOR_ID) VALUES (10500569, 5, 1);
INSERT INTO alt111.tot_profile (ID, ART_ID, COLOR_ID) VALUES (10500600, 6, 5);
INSERT INTO alt111.tot_profile (ID, ART_ID, COLOR_ID) VALUES (10500621, 6, 2);
INSERT INTO alt111.tot_profile (ID, ART_ID, COLOR_ID) VALUES (10500630, 6, 3);
INSERT INTO alt111.tot_profile (ID, ART_ID, COLOR_ID) VALUES (10500669, 6, 1);
INSERT INTO alt111.tot_profile (ID, ART_ID, COLOR_ID) VALUES (10500700, 7, 5);
INSERT INTO alt111.tot_profile (ID, ART_ID, COLOR_ID) VALUES (10500721, 7, 2);
INSERT INTO alt111.tot_profile (ID, ART_ID, COLOR_ID) VALUES (10500730, 7, 3);
INSERT INTO alt111.tot_profile (ID, ART_ID, COLOR_ID) VALUES (10500769, 7, 1);
INSERT INTO alt111.tot_profile (ID, ART_ID, COLOR_ID) VALUES (10500800, 8, 5);
INSERT INTO alt111.tot_profile (ID, ART_ID, COLOR_ID) VALUES (10500821, 8, 2);
INSERT INTO alt111.tot_profile (ID, ART_ID, COLOR_ID) VALUES (10500830, 8, 3);
INSERT INTO alt111.tot_profile (ID, ART_ID, COLOR_ID) VALUES (10500869, 8, 1);
INSERT INTO alt111.tot_profile (ID, ART_ID, COLOR_ID) VALUES (10500900, 9, 5);
INSERT INTO alt111.tot_profile (ID, ART_ID, COLOR_ID) VALUES (10500921, 9, 2);
INSERT INTO alt111.tot_profile (ID, ART_ID, COLOR_ID) VALUES (10500930, 9, 3);
INSERT INTO alt111.tot_profile (ID, ART_ID, COLOR_ID) VALUES (10500969, 9, 1);
INSERT INTO alt111.tot_profile (ID, ART_ID, COLOR_ID) VALUES (10501000, 10, 5);
INSERT INTO alt111.tot_profile (ID, ART_ID, COLOR_ID) VALUES (10501021, 10, 2);
INSERT INTO alt111.tot_profile (ID, ART_ID, COLOR_ID) VALUES (10501030, 10, 3);
INSERT INTO alt111.tot_profile (ID, ART_ID, COLOR_ID) VALUES (10501069, 10, 1);
INSERT INTO alt111.tot_profile (ID, ART_ID, COLOR_ID) VALUES (10501100, 12, 5);
INSERT INTO alt111.tot_profile (ID, ART_ID, COLOR_ID) VALUES (10501200, 13, 5);
INSERT INTO alt111.tot_profile (ID, ART_ID, COLOR_ID) VALUES (10501300, 14, 5);
INSERT INTO alt111.tot_profile (ID, ART_ID, COLOR_ID) VALUES (10501400, 15, 5);
INSERT INTO alt111.tot_profile (ID, ART_ID, COLOR_ID) VALUES (10501500, 18, 5);
INSERT INTO alt111.tot_profile (ID, ART_ID, COLOR_ID) VALUES (10501521, 18, 2);
INSERT INTO alt111.tot_profile (ID, ART_ID, COLOR_ID) VALUES (10501530, 18, 3);
INSERT INTO alt111.tot_profile (ID, ART_ID, COLOR_ID) VALUES (10501569, 18, 1);
INSERT INTO alt111.tot_profile (ID, ART_ID, COLOR_ID) VALUES (10501600, 19, 5);
INSERT INTO alt111.tot_profile (ID, ART_ID, COLOR_ID) VALUES (10501621, 19, 2);
INSERT INTO alt111.tot_profile (ID, ART_ID, COLOR_ID) VALUES (10501630, 19, 3);
INSERT INTO alt111.tot_profile (ID, ART_ID, COLOR_ID) VALUES (10501669, 19, 1);
INSERT INTO alt111.tot_profile (ID, ART_ID, COLOR_ID) VALUES (10501700, 20, 5);
INSERT INTO alt111.tot_profile (ID, ART_ID, COLOR_ID) VALUES (10501721, 20, 2);
INSERT INTO alt111.tot_profile (ID, ART_ID, COLOR_ID) VALUES (10501730, 20, 3);
INSERT INTO alt111.tot_profile (ID, ART_ID, COLOR_ID) VALUES (10501769, 20, 1);
INSERT INTO alt111.tot_profile (ID, ART_ID, COLOR_ID) VALUES (10501800, 21, 5);
INSERT INTO alt111.tot_profile (ID, ART_ID, COLOR_ID) VALUES (10501821, 21, 2);
INSERT INTO alt111.tot_profile (ID, ART_ID, COLOR_ID) VALUES (10501830, 21, 3);
INSERT INTO alt111.tot_profile (ID, ART_ID, COLOR_ID) VALUES (10501869, 21, 1);
INSERT INTO alt111.tot_profile (ID, ART_ID, COLOR_ID) VALUES (10501900, 22, 5);
INSERT INTO alt111.tot_profile (ID, ART_ID, COLOR_ID) VALUES (10501921, 22, 2);
INSERT INTO alt111.tot_profile (ID, ART_ID, COLOR_ID) VALUES (10501930, 22, 3);
INSERT INTO alt111.tot_profile (ID, ART_ID, COLOR_ID) VALUES (10501969, 22, 1);
INSERT INTO alt111.tot_profile (ID, ART_ID, COLOR_ID) VALUES (10502000, 24, 5);
INSERT INTO alt111.tot_profile (ID, ART_ID, COLOR_ID) VALUES (10502021, 24, 2);
INSERT INTO alt111.tot_profile (ID, ART_ID, COLOR_ID) VALUES (10502030, 24, 3);
INSERT INTO alt111.tot_profile (ID, ART_ID, COLOR_ID) VALUES (10502069, 24, 1);
INSERT INTO alt111.tot_profile (ID, ART_ID, COLOR_ID) VALUES (10502100, 25, 5);
INSERT INTO alt111.tot_profile (ID, ART_ID, COLOR_ID) VALUES (10502121, 25, 2);
INSERT INTO alt111.tot_profile (ID, ART_ID, COLOR_ID) VALUES (10502130, 25, 3);
INSERT INTO alt111.tot_profile (ID, ART_ID, COLOR_ID) VALUES (10502169, 25, 1);
INSERT INTO alt111.tot_profile (ID, ART_ID, COLOR_ID) VALUES (10502200, 26, 5);
INSERT INTO alt111.tot_profile (ID, ART_ID, COLOR_ID) VALUES (10502221, 26, 2);
INSERT INTO alt111.tot_profile (ID, ART_ID, COLOR_ID) VALUES (10502230, 26, 3);
INSERT INTO alt111.tot_profile (ID, ART_ID, COLOR_ID) VALUES (10502269, 26, 1);
INSERT INTO alt111.tot_profile (ID, ART_ID, COLOR_ID) VALUES (10502300, 27, 5);
INSERT INTO alt111.tot_profile (ID, ART_ID, COLOR_ID) VALUES (10502321, 27, 2);
INSERT INTO alt111.tot_profile (ID, ART_ID, COLOR_ID) VALUES (10502330, 27, 3);
INSERT INTO alt111.tot_profile (ID, ART_ID, COLOR_ID) VALUES (10502369, 27, 1);
INSERT INTO alt111.tot_profile (ID, ART_ID, COLOR_ID) VALUES (10502400, 16, 5);
INSERT INTO alt111.tot_profile (ID, ART_ID, COLOR_ID) VALUES (10502500, 17, 5);
INSERT INTO alt111.tot_profile (ID, ART_ID, COLOR_ID) VALUES (10502600, 28, 5);
INSERT INTO alt111.tot_profile (ID, ART_ID, COLOR_ID) VALUES (10502621, 28, 2);
INSERT INTO alt111.tot_profile (ID, ART_ID, COLOR_ID) VALUES (10502630, 28, 3);
INSERT INTO alt111.tot_profile (ID, ART_ID, COLOR_ID) VALUES (10502669, 28, 1);
INSERT INTO alt111.tot_profile (ID, ART_ID, COLOR_ID) VALUES (10502700, 11, 5);
INSERT INTO alt111.tot_profile (ID, ART_ID, COLOR_ID) VALUES (10502721, 11, 2);
INSERT INTO alt111.tot_profile (ID, ART_ID, COLOR_ID) VALUES (10502730, 11, 3);
INSERT INTO alt111.tot_profile (ID, ART_ID, COLOR_ID) VALUES (10502769, 11, 1);
INSERT INTO alt111.tot_profile (ID, ART_ID, COLOR_ID) VALUES (10502800, 30, 5);
INSERT INTO alt111.tot_profile (ID, ART_ID, COLOR_ID) VALUES (10502821, 30, 2);
INSERT INTO alt111.tot_profile (ID, ART_ID, COLOR_ID) VALUES (10502830, 30, 3);
INSERT INTO alt111.tot_profile (ID, ART_ID, COLOR_ID) VALUES (10502869, 30, 1);
INSERT INTO alt111.tot_profile (ID, ART_ID, COLOR_ID) VALUES (10502900, 31, 5);
INSERT INTO alt111.tot_profile (ID, ART_ID, COLOR_ID) VALUES (10502921, 31, 2);
INSERT INTO alt111.tot_profile (ID, ART_ID, COLOR_ID) VALUES (10502930, 31, 3);
INSERT INTO alt111.tot_profile (ID, ART_ID, COLOR_ID) VALUES (10502969, 31, 1);
INSERT INTO alt111.tot_profile (ID, ART_ID, COLOR_ID) VALUES (10503000, 29, 5);
INSERT INTO alt111.tot_profile (ID, ART_ID, COLOR_ID) VALUES (10503021, 29, 2);
INSERT INTO alt111.tot_profile (ID, ART_ID, COLOR_ID) VALUES (10503030, 29, 3);
INSERT INTO alt111.tot_profile (ID, ART_ID, COLOR_ID) VALUES (10503069, 29, 1);
INSERT INTO alt111.tot_profile (ID, ART_ID, COLOR_ID) VALUES (10503100, 33, 5);
INSERT INTO alt111.tot_profile (ID, ART_ID, COLOR_ID) VALUES (10503121, 33, 2);
INSERT INTO alt111.tot_profile (ID, ART_ID, COLOR_ID) VALUES (10503130, 33, 3);
INSERT INTO alt111.tot_profile (ID, ART_ID, COLOR_ID) VALUES (10503169, 33, 1);
INSERT INTO alt111.tot_profile (ID, ART_ID, COLOR_ID) VALUES (10503200, 34, 5);
INSERT INTO alt111.tot_profile (ID, ART_ID, COLOR_ID) VALUES (10503221, 34, 2);
INSERT INTO alt111.tot_profile (ID, ART_ID, COLOR_ID) VALUES (10503230, 34, 3);
INSERT INTO alt111.tot_profile (ID, ART_ID, COLOR_ID) VALUES (10503269, 34, 1);
INSERT INTO alt111.tot_profile (ID, ART_ID, COLOR_ID) VALUES (10503300, 35, 5);
INSERT INTO alt111.tot_profile (ID, ART_ID, COLOR_ID) VALUES (10503321, 35, 2);
INSERT INTO alt111.tot_profile (ID, ART_ID, COLOR_ID) VALUES (10503330, 35, 3);
INSERT INTO alt111.tot_profile (ID, ART_ID, COLOR_ID) VALUES (10503369, 35, 1);
INSERT INTO alt111.tot_profile (ID, ART_ID, COLOR_ID) VALUES (10503400, 36, 5);
INSERT INTO alt111.tot_profile (ID, ART_ID, COLOR_ID) VALUES (10503421, 36, 2);
INSERT INTO alt111.tot_profile (ID, ART_ID, COLOR_ID) VALUES (10503430, 36, 3);
INSERT INTO alt111.tot_profile (ID, ART_ID, COLOR_ID) VALUES (10503469, 36, 1);
INSERT INTO alt111.tot_profile (ID, ART_ID, COLOR_ID) VALUES (10503500, 37, 5);
INSERT INTO alt111.tot_profile (ID, ART_ID, COLOR_ID) VALUES (10503521, 37, 2);
INSERT INTO alt111.tot_profile (ID, ART_ID, COLOR_ID) VALUES (10503530, 37, 3);
INSERT INTO alt111.tot_profile (ID, ART_ID, COLOR_ID) VALUES (10503569, 37, 1);
INSERT INTO alt111.tot_profile (ID, ART_ID, COLOR_ID) VALUES (10503600, 32, 5);
INSERT INTO alt111.tot_profile (ID, ART_ID, COLOR_ID) VALUES (10503621, 32, 2);
INSERT INTO alt111.tot_profile (ID, ART_ID, COLOR_ID) VALUES (10503630, 32, 3);
INSERT INTO alt111.tot_profile (ID, ART_ID, COLOR_ID) VALUES (10503669, 32, 1);
INSERT INTO alt111.tot_profile (ID, ART_ID, COLOR_ID) VALUES (10503700, 40, 5);
INSERT INTO alt111.tot_profile (ID, ART_ID, COLOR_ID) VALUES (10503721, 40, 2);
INSERT INTO alt111.tot_profile (ID, ART_ID, COLOR_ID) VALUES (10503730, 40, 3);
INSERT INTO alt111.tot_profile (ID, ART_ID, COLOR_ID) VALUES (10503769, 40, 1);
INSERT INTO alt111.tot_profile (ID, ART_ID, COLOR_ID) VALUES (10503800, 38, 5);
INSERT INTO alt111.tot_profile (ID, ART_ID, COLOR_ID) VALUES (10503900, 41, 5);
INSERT INTO alt111.tot_profile (ID, ART_ID, COLOR_ID) VALUES (10503921, 41, 2);
INSERT INTO alt111.tot_profile (ID, ART_ID, COLOR_ID) VALUES (10503930, 41, 3);
INSERT INTO alt111.tot_profile (ID, ART_ID, COLOR_ID) VALUES (10503969, 41, 1);
INSERT INTO alt111.tot_profile (ID, ART_ID, COLOR_ID) VALUES (10504000, 42, 5);
INSERT INTO alt111.tot_profile (ID, ART_ID, COLOR_ID) VALUES (10504021, 42, 2);
INSERT INTO alt111.tot_profile (ID, ART_ID, COLOR_ID) VALUES (10504030, 42, 3);
INSERT INTO alt111.tot_profile (ID, ART_ID, COLOR_ID) VALUES (10504069, 42, 1);
INSERT INTO alt111.tot_profile (ID, ART_ID, COLOR_ID) VALUES (10504100, 43, 5);
INSERT INTO alt111.tot_profile (ID, ART_ID, COLOR_ID) VALUES (10504121, 43, 2);
INSERT INTO alt111.tot_profile (ID, ART_ID, COLOR_ID) VALUES (10504130, 43, 3);
INSERT INTO alt111.tot_profile (ID, ART_ID, COLOR_ID) VALUES (10504169, 43, 1);
INSERT INTO alt111.tot_profile (ID, ART_ID, COLOR_ID) VALUES (10504200, 44, 5);
INSERT INTO alt111.tot_profile (ID, ART_ID, COLOR_ID) VALUES (10504221, 44, 2);
INSERT INTO alt111.tot_profile (ID, ART_ID, COLOR_ID) VALUES (10504230, 44, 3);
INSERT INTO alt111.tot_profile (ID, ART_ID, COLOR_ID) VALUES (10504269, 44, 1);
INSERT INTO alt111.tot_profile (ID, ART_ID, COLOR_ID) VALUES (10504300, 45, 5);
INSERT INTO alt111.tot_profile (ID, ART_ID, COLOR_ID) VALUES (10504321, 45, 2);
INSERT INTO alt111.tot_profile (ID, ART_ID, COLOR_ID) VALUES (10504330, 45, 3);
INSERT INTO alt111.tot_profile (ID, ART_ID, COLOR_ID) VALUES (10504369, 45, 1);
INSERT INTO alt111.tot_profile (ID, ART_ID, COLOR_ID) VALUES (10504400, 46, 5);
INSERT INTO alt111.tot_profile (ID, ART_ID, COLOR_ID) VALUES (10504421, 46, 2);
INSERT INTO alt111.tot_profile (ID, ART_ID, COLOR_ID) VALUES (10504430, 46, 3);
INSERT INTO alt111.tot_profile (ID, ART_ID, COLOR_ID) VALUES (10504469, 46, 1);
INSERT INTO alt111.tot_profile (ID, ART_ID, COLOR_ID) VALUES (10504500, 47, 5);
INSERT INTO alt111.tot_profile (ID, ART_ID, COLOR_ID) VALUES (10504521, 47, 2);
INSERT INTO alt111.tot_profile (ID, ART_ID, COLOR_ID) VALUES (10504530, 47, 3);
INSERT INTO alt111.tot_profile (ID, ART_ID, COLOR_ID) VALUES (10504569, 47, 1);
INSERT INTO alt111.tot_profile (ID, ART_ID, COLOR_ID) VALUES (10504600, 49, 5);
INSERT INTO alt111.tot_profile (ID, ART_ID, COLOR_ID) VALUES (10504621, 49, 2);
INSERT INTO alt111.tot_profile (ID, ART_ID, COLOR_ID) VALUES (10504630, 49, 3);
INSERT INTO alt111.tot_profile (ID, ART_ID, COLOR_ID) VALUES (10504669, 49, 1);
INSERT INTO alt111.tot_profile (ID, ART_ID, COLOR_ID) VALUES (10504700, 39, 5);
INSERT INTO alt111.tot_profile (ID, ART_ID, COLOR_ID) VALUES (10504721, 39, 2);
INSERT INTO alt111.tot_profile (ID, ART_ID, COLOR_ID) VALUES (10504730, 39, 3);
INSERT INTO alt111.tot_profile (ID, ART_ID, COLOR_ID) VALUES (10504769, 39, 1);
INSERT INTO alt111.tot_profile (ID, ART_ID, COLOR_ID) VALUES (10504800, 48, 5);
INSERT INTO alt111.tot_profile (ID, ART_ID, COLOR_ID) VALUES (10504821, 48, 2);
INSERT INTO alt111.tot_profile (ID, ART_ID, COLOR_ID) VALUES (10504830, 48, 3);
INSERT INTO alt111.tot_profile (ID, ART_ID, COLOR_ID) VALUES (10504869, 48, 1);
INSERT INTO alt111.tot_profile (ID, ART_ID, COLOR_ID) VALUES (10504900, 23, 5);
INSERT INTO alt111.tot_profile (ID, ART_ID, COLOR_ID) VALUES (10504921, 23, 2);
INSERT INTO alt111.tot_profile (ID, ART_ID, COLOR_ID) VALUES (10504930, 23, 3);
INSERT INTO alt111.tot_profile (ID, ART_ID, COLOR_ID) VALUES (10504969, 23, 1);
INSERT INTO alt111.type (ID, NAME) VALUES (2, 'compl');
INSERT INTO alt111.type (ID, NAME) VALUES (1, 'prof');
INSERT INTO alt111.unit_measure (ID, NAME) VALUES (3, '100шт.');
INSERT INTO alt111.unit_measure (ID, NAME) VALUES (1, 'м');
INSERT INTO alt111.unit_measure (ID, NAME) VALUES (2, 'шт.');
INSERT INTO alt111.user (USER_ID, NAME, LOGIN, PASSWORD) VALUES (1, 'Sun', 'Sun', 'Shines');